Sigrid,Klocko,jasmin.schmitt@hermistonfranecki.com,1-777-934-1385 x664,2016-10-06 00:57:08 -0500
Myriam,Kuvalis,alisha@paucek.co,(681) 238-3256 x002,2016-10-07 06:51:46 -0500
Olaf,Strosin,chesley@balistrerireynolds.name,574-156-2361 x0485,2016-10-07 20:42:21 -0500
Elna,Hegmann,curt_bashirian@kihn.biz,516-367-3886 x21086,2016-10-07 07:21:15 -0500
Hardy,Rogahn,toy_spinka@hilll.org,1-212-474-7721 x738,2016-10-06 09:48:06 -0500
Ruby,Conroy,jordi_ritchie@emmerichherman.info,617.088.0136,2016-10-07 07:29:49 -0500
Ruby,Huel,madilyn@bernhard.info,(334) 516-6045 x4052,2016-10-06 19:13:54 -0500
Citlalli,Wiza,waylon.cartwright@rohan.io,646-122-1838 x4698,2016-10-07 00:03:51 -0500
Hubert,Larkin,naomie.gerhold@tremblay.org,(138) 458-6128 x07246,2016-10-07 05:03:11 -0500
Lester,Tromp,maci_schneider@howellberge.io,300.332.2785 x26849,2016-10-06 07:09:46 -0500
Shany,Lowe,teagan@predovic.org,352.468.2885,2016-10-07 19:57:24 -0500
Elbert,Morar,phyllis@leuschke.io,(491) 266-9097 x03980,2016-10-07 18:21:12 -0500
Carolanne,Turner,maye_sporer@browncarter.name,(384) 661-5453 x88899,2016-10-06 00:38:32 -0500
Davonte,Balistreri,mittie_muller@batz.com,1-519-956-6053 x74480,2016-10-06 13:06:57 -0500
Brendon,Howell,earline@millerstreich.co,164.568.0773,2016-10-06 15:17:20 -0500
Zane,Hilpert,lorena_halvorson@rosenbaumsporer.io,(443) 731-7552,2016-10-07 12:54:45 -0500
Rosalee,Runte,diana_stracke@franecki.name,712.860.1981,2016-10-06 04:46:30 -0500
Odessa,Deckow,sonia_moen@hammes.info,411-883-9766 x1136,2016-10-06 12:35:30 -0500
Kacie,Shanahan,valentin@breitenberg.com,(718) 384-2599,2016-10-06 06:16:19 -0500
Ernie,Hessel,karianne_brakus@pfannerstill.info,971-323-8540,2016-10-07 08:53:04 -0500
